<?xml version="1.0" encoding="UTF-8"?>

<!DOCTYPE mapper
        PUBLIC "-//mybatis.org//DTD Mapper 3.0//EN"
        "http://mybatis.org/dtd/mybatis-3-mapper.dtd">
<mapper
	namespace="hk.sfc.alps.demo.model.mapper.SecurityObjectMapper">
	<resultMap id="SecurityObjectResultMap"
		type="hk.sfc.alps.demo.model.SecurityObject">
		<result column="OBJECT_CODE" property="objectCode"
			jdbcType="VARCHAR" />
		<result column="OBJECT_DESC" property="objectDescription"
			jdbcType="VARCHAR" />
		<result column="AUTH_PROVIDER" property="authProvider"
			jdbcType="VARCHAR" />
	</resultMap>

	<insert id="insertSecurityObject"
		parameterType="hk.sfc.alps.demo.model.SecurityObject">
		INSERT INTO SFC.AP_T_SEC_OBJECTS
		(OBJECT_CODE, OBJECT_DESC, AUTH_PROVIDER)
		VALUES
		(#{objectCode}, #{objectDescription}, #{authProvider})
	</insert>

	<select id="listAllSecurityObject"
		resultMap="SecurityObjectResultMap">
		select
		secObj.OBJECT_CODE,
		secObj.OBJECT_DESC,
		secObj.AUTH_PROVIDER
		from
		SFC.AP_T_SEC_OBJECTS secObj
	</select>
	
	<select id="getSecurityObject"
		resultMap="SecurityObjectResultMap">
		select
		secObj.OBJECT_CODE,
		secObj.OBJECT_DESC,
		secObj.AUTH_PROVIDER
		from
		SFC.AP_T_SEC_OBJECTS secObj
		WHERE  OBJECT_CODE = #{objectCode}
	</select>

	<update id="updateSecurityObject"
		parameterType="hk.sfc.alps.demo.model.SecurityObject">
		update SFC.AP_T_SEC_OBJECTS
		<set>
			<if test="objectDescription != null">OBJECT_DESC=#{objectDescription},</if>
			<if test="authProvider != null">AUTH_PROVIDER=#{authProvider}</if>
		</set>
		where OBJECT_CODE=#{objectCode}
	</update>
	
	<delete id="deleteSecurityObject">
  		delete from SFC.AP_T_SEC_OBJECTS where OBJECT_CODE = #{objectCode}
	</delete>


</mapper>