<?xml version="1.0" encoding="UTF-8"?>
<Configuration status="INFO">
    <Appenders>
        <Console name="Console" target="SYSTEM_OUT">
            <PatternLayout pattern="%d{HH:mm:ss.SSS} [%t] %-5level  %logger{36} - %msg%n"/>
        </Console>
    </Appenders>
    <Loggers>
        <Logger name="hk.sfc.alps" level="info" additivity="false">
        <AppenderRef ref="Console"/>
        </Logger>
        <Root level="WARN">
            <AppenderRef ref="Console"/>
        </Root>
    </Loggers>
</Configuration>